{"room_weight": 0.5652173913043478, "target_weight": 0.4057971014492753, "time_weight": 0.028985507246376812}