{"room_weight": 0.00368951326805733, "target_weight": 0.0026488813206565444, "k": 0.04730145215458115, "eta": 0.00033111016508206804, "c": 0.946029043091623}