{"room_weight": 0.0036895132680573295, "target_weight": 0.002648881320656545, "k": 0.04730145215458114, "eta": 0.0003311101650820681, "c": 0.946029043091623}