{"room_weight": 0.582089552238806, "target_weight": 0.417910447761194}